﻿<?xml version="1.0" encoding="utf-8"?><HelpTOCNode Title="TennisPlayer Properties" Url="html/b796a657-7b25-a1c3-d0ff-49e4b002a421.htm"><HelpTOCNode Title="DateOfBirth Property " Url="html/034d0070-4210-974b-e30e-b9aad892d8ae.htm" /><HelpTOCNode Title="FirstName Property " Url="html/0f764add-923b-de99-bca8-39553f1f5ed4.htm" /><HelpTOCNode Title="Gender Property " Url="html/a6c08b69-4bb8-2af1-840f-7b6339dde1ed.htm" /><HelpTOCNode Title="Identification Property " Url="html/3551972b-d014-c75d-6ce4-3724b677ddf5.htm" /><HelpTOCNode Title="LastName Property " Url="html/c44d440f-7b3c-5eb9-f453-d770bd9a7a06.htm" /><HelpTOCNode Title="LicenseGot Property " Url="html/cd105cce-d1d1-2f64-9968-f4a8aafa0c1a.htm" /><HelpTOCNode Title="LicenseRenewal Property " Url="html/944245db-e7f2-ef57-be7f-a2f40a884b8b.htm" /><HelpTOCNode Title="MiddleName Property " Url="html/f8b3e28f-0f84-5b24-8795-fb1db6a92bd2.htm" /><HelpTOCNode Title="Nationality Property " Url="html/8908bfb0-68e8-3d37-4da5-8584effd684a.htm" /><HelpTOCNode Title="PlayerOrReferee Property " Url="html/1809fcb3-48a2-9b43-bd9c-6178d5f1c3c9.htm" /></HelpTOCNode>